"product_name";"variant_name";"price";"url";"scraped_at"
"Glossier You Soie";"50 ml";"€95,95 EUR";"https://www.glossier.com/en-lt/products/glossier-you-soie?variant=47501395853557";"2026-04-10T12:39:40.785Z"
"Glossier You Soie";"8 ml";"€37,95 EUR";"https://www.glossier.com/en-lt/products/glossier-you-soie?variant=47501395853557";"2026-04-10T12:39:40.785Z"
"Glossier You";"50 ml";"€95,95 EUR";"https://www.glossier.com/en-lt/products/glossier-you?variant=44056890540277";"2026-04-10T12:39:40.785Z"
"Glossier You";"100 ml";"€135,95 EUR";"https://www.glossier.com/en-lt/products/glossier-you?variant=44056890540277";"2026-04-10T12:39:40.785Z"
"Glossier You";"8 ml";"€37,95 EUR";"https://www.glossier.com/en-lt/products/glossier-you?variant=44056890540277";"2026-04-10T12:39:40.785Z"
"Vacation Essentials";"No variants";"Sale price €60,95";"https://www.glossier.com/en-lt/products/vacation-essentials?variant=47907947249909";"2026-04-10T12:39:40.785Z"
"Soie + You Travel Spray";"No variants";"Sale price €113,95";"https://www.glossier.com/en-lt/products/soie-you-travel-spray?variant=47876600299765";"2026-04-10T12:39:40.785Z"
"Spring Pinks";"No variants";"Sale price €49,95";"https://www.glossier.com/en-lt/products/spring-pinks?variant=47907771416821";"2026-04-10T12:39:40.785Z"
"Futuredew";"No variants";"€35,95";"https://www.glossier.com/en-lt/products/futuredew?variant=43781981995253";"2026-04-10T12:39:40.785Z"
"Glossier You Doux";"50 ml";"€95,95 EUR";"https://www.glossier.com/en-lt/products/glossier-you-doux?variant=46147023896821";"2026-04-10T12:39:40.785Z"
"Glossier You Doux";"100 ml";"€135,95 EUR";"https://www.glossier.com/en-lt/products/glossier-you-doux?variant=46147023896821";"2026-04-10T12:39:40.785Z"
"Glossier You Doux";"8 ml";"€37,95 EUR";"https://www.glossier.com/en-lt/products/glossier-you-doux?variant=46147023896821";"2026-04-10T12:39:40.785Z"
"Boy Brow";"Dark Brown";"€25,95 EUR";"https://www.glossier.com/en-lt/products/boy-brow?variant=43886803190005";"2026-04-10T12:39:40.785Z"
"Boy Brow";"Brown";"€25,95 EUR";"https://www.glossier.com/en-lt/products/boy-brow?variant=43886803190005";"2026-04-10T12:39:40.785Z"
"Boy Brow";"Auburn";"€25,95 EUR";"https://www.glossier.com/en-lt/products/boy-brow?variant=43886803190005";"2026-04-10T12:39:40.785Z"
"Boy Brow";"Blond";"€25,95 EUR";"https://www.glossier.com/en-lt/products/boy-brow?variant=43886803190005";"2026-04-10T12:39:40.785Z"
"Boy Brow";"Grey";"€25,95 EUR";"https://www.glossier.com/en-lt/products/boy-brow?variant=43886803190005";"2026-04-10T12:39:40.785Z"
"Boy Brow";"Clear";"€25,95 EUR";"https://www.glossier.com/en-lt/products/boy-brow?variant=43886803190005";"2026-04-10T12:39:40.785Z"
"Boy Brow";"Black";"€25,95 EUR";"https://www.glossier.com/en-lt/products/boy-brow?variant=43886803190005";"2026-04-10T12:39:40.785Z"
"Balm Dotcom";"Black Cherry";"€18,95 EUR";"https://www.glossier.com/en-lt/products/balm-dotcom?variant=46731565859061";"2026-04-10T12:39:40.785Z"
"Balm Dotcom";"Espresso";"€18,95 EUR";"https://www.glossier.com/en-lt/products/balm-dotcom?variant=46731565859061";"2026-04-10T12:39:40.785Z"
"Balm Dotcom";"Birthday";"€18,95 EUR";"https://www.glossier.com/en-lt/products/balm-dotcom?variant=46731565859061";"2026-04-10T12:39:40.785Z"
"Balm Dotcom";"Strawberry";"€18,95 EUR";"https://www.glossier.com/en-lt/products/balm-dotcom?variant=46731565859061";"2026-04-10T12:39:40.785Z"
"Balm Dotcom";"Wild Fig";"€18,95 EUR";"https://www.glossier.com/en-lt/products/balm-dotcom?variant=46731565859061";"2026-04-10T12:39:40.785Z"
"Balm Dotcom";"Rose";"€18,95 EUR";"https://www.glossier.com/en-lt/products/balm-dotcom?variant=46731565859061";"2026-04-10T12:39:40.785Z"
"Balm Dotcom";"Coconut";"€18,95 EUR";"https://www.glossier.com/en-lt/products/balm-dotcom?variant=46731565859061";"2026-04-10T12:39:40.785Z"
"Balm Dotcom";"Lavender";"€18,95 EUR";"https://www.glossier.com/en-lt/products/balm-dotcom?variant=46731565859061";"2026-04-10T12:39:40.785Z"
"Balm Dotcom";"Original";"€18,95 EUR";"https://www.glossier.com/en-lt/products/balm-dotcom?variant=46731565859061";"2026-04-10T12:39:40.785Z"
"Balm Dotcom";"Mint";"€18,95 EUR";"https://www.glossier.com/en-lt/products/balm-dotcom?variant=46731565859061";"2026-04-10T12:39:40.785Z"
"Balm Dotcom";"Mango";"€18,95 EUR";"https://www.glossier.com/en-lt/products/balm-dotcom?variant=46731565859061";"2026-04-10T12:39:40.785Z"
"Balm Dotcom Limited Edition";"Sparkling Rosé";"€18,95 EUR";"https://www.glossier.com/en-lt/products/balm-dotcom?variant=47047554892021";"2026-04-10T12:39:40.785Z"
"Lip Line";"Hold";"€23,95 EUR";"https://www.glossier.com/en-lt/products/lip-line?variant=46178045788405";"2026-04-10T12:39:40.785Z"
"Lip Line";"Grip";"€23,95 EUR";"https://www.glossier.com/en-lt/products/lip-line?variant=46178045788405";"2026-04-10T12:39:40.785Z"
"Lip Line";"Graze";"€23,95 EUR";"https://www.glossier.com/en-lt/products/lip-line?variant=46178045788405";"2026-04-10T12:39:40.785Z"
"Lip Line";"Buff";"€23,95 EUR";"https://www.glossier.com/en-lt/products/lip-line?variant=46178045788405";"2026-04-10T12:39:40.785Z"
"Lip Line";"Bit";"€23,95 EUR";"https://www.glossier.com/en-lt/products/lip-line?variant=46178045788405";"2026-04-10T12:39:40.785Z"
"Lip Line";"Nip";"€23,95 EUR";"https://www.glossier.com/en-lt/products/lip-line?variant=46178045788405";"2026-04-10T12:39:40.785Z"
"Lip Line";"Bare";"€23,95 EUR";"https://www.glossier.com/en-lt/products/lip-line?variant=46178045788405";"2026-04-10T12:39:40.785Z"
"Lip Line";"Flush";"€23,95 EUR";"https://www.glossier.com/en-lt/products/lip-line?variant=46178045788405";"2026-04-10T12:39:40.785Z"
"Lip Line";"Black Cherry";"€23,95 EUR";"https://www.glossier.com/en-lt/products/lip-line?variant=46178045788405";"2026-04-10T12:39:40.785Z"
"Glossier You Fleur Duo";"No variants";"Sale price €102,95";"https://www.glossier.com/en-lt/products/glossier-you-fleur-duo?variant=47045563121909";"2026-04-10T12:39:40.785Z"
"Glossier You Fleur";"50 ml";"€95,95 EUR";"https://www.glossier.com/en-lt/products/glossier-you-fleur?variant=46373327044853";"2026-04-10T12:39:40.785Z"
"Glossier You Fleur";"8 ml";"€37,95 EUR";"https://www.glossier.com/en-lt/products/glossier-you-fleur?variant=46373327044853";"2026-04-10T12:39:40.785Z"
"Glossier You Rêve";"50 ml";"€95,95 EUR";"https://www.glossier.com/en-lt/products/glossier-you-reve?variant=46147021963509";"2026-04-10T12:39:40.785Z"
"Glossier You Rêve";"8 ml";"€37,95 EUR";"https://www.glossier.com/en-lt/products/glossier-you-reve?variant=46147021963509";"2026-04-10T12:39:40.785Z"
"Cloud Paint Blush";"Soar";"€28,95 EUR";"https://www.glossier.com/en-lt/products/cloud-paint?variant=46178049523957";"2026-04-10T12:39:40.785Z"
"Cloud Paint Blush";"Wisp";"€28,95 EUR";"https://www.glossier.com/en-lt/products/cloud-paint?variant=46178049523957";"2026-04-10T12:39:40.785Z"
"Cloud Paint Blush";"Beam";"€28,95 EUR";"https://www.glossier.com/en-lt/products/cloud-paint?variant=46178049523957";"2026-04-10T12:39:40.785Z"
"Cloud Paint Blush";"Dawn";"€28,95 EUR";"https://www.glossier.com/en-lt/products/cloud-paint?variant=46178049523957";"2026-04-10T12:39:40.785Z"
"Cloud Paint Blush";"Spark";"€28,95 EUR";"https://www.glossier.com/en-lt/products/cloud-paint?variant=46178049523957";"2026-04-10T12:39:40.785Z"
"Cloud Paint Blush";"Puff";"€28,95 EUR";"https://www.glossier.com/en-lt/products/cloud-paint?variant=46178049523957";"2026-04-10T12:39:40.785Z"
"Cloud Paint Blush";"Dusk";"€28,95 EUR";"https://www.glossier.com/en-lt/products/cloud-paint?variant=46178049523957";"2026-04-10T12:39:40.785Z"
"Cloud Paint Blush";"Haze";"€28,95 EUR";"https://www.glossier.com/en-lt/products/cloud-paint?variant=46178049523957";"2026-04-10T12:39:40.785Z"
"Cloud Paint Blush";"Eve";"€28,95 EUR";"https://www.glossier.com/en-lt/products/cloud-paint?variant=46178049523957";"2026-04-10T12:39:40.785Z"
"Cloud Paint Blush";"Storm";"€28,95 EUR";"https://www.glossier.com/en-lt/products/cloud-paint?variant=46178049523957";"2026-04-10T12:39:40.785Z"
"Cloud Paint Blush";"Black Cherry";"€28,95 EUR";"https://www.glossier.com/en-lt/products/cloud-paint?variant=46178049523957";"2026-04-10T12:39:40.785Z"
"Cloud Paint Bronzer";"Drift";"€28,95 EUR";"https://www.glossier.com/en-lt/products/cloud-paint?variant=46178049851637";"2026-04-10T12:39:40.785Z"
"Cloud Paint Bronzer";"Coast";"€28,95 EUR";"https://www.glossier.com/en-lt/products/cloud-paint?variant=46178049851637";"2026-04-10T12:39:40.785Z"
"Cloud Paint Bronzer";"Swept";"€28,95 EUR";"https://www.glossier.com/en-lt/products/cloud-paint?variant=46178049851637";"2026-04-10T12:39:40.785Z"
"Cloud Paint Bronzer";"Dune";"€28,95 EUR";"https://www.glossier.com/en-lt/products/cloud-paint?variant=46178049851637";"2026-04-10T12:39:40.785Z"
"Cloud Paint Bronzer";"Sail";"€28,95 EUR";"https://www.glossier.com/en-lt/products/cloud-paint?variant=46178049851637";"2026-04-10T12:39:40.785Z"
"Ultralip";"Crest";"€25,95 EUR";"https://www.glossier.com/en-lt/products/ultralip?variant=46255436398837";"2026-04-10T12:39:40.785Z"
"Ultralip";"Flute";"€25,95 EUR";"https://www.glossier.com/en-lt/products/ultralip?variant=46255436398837";"2026-04-10T12:39:40.785Z"
"Ultralip";"Pony";"€25,95 EUR";"https://www.glossier.com/en-lt/products/ultralip?variant=46255436398837";"2026-04-10T12:39:40.785Z"
"Ultralip";"Cranberry";"€25,95 EUR";"https://www.glossier.com/en-lt/products/ultralip?variant=46255436398837";"2026-04-10T12:39:40.785Z"
"Ultralip";"Lucite";"€25,95 EUR";"https://www.glossier.com/en-lt/products/ultralip?variant=46255436398837";"2026-04-10T12:39:40.785Z"
"Ultralip";"Fête";"€25,95 EUR";"https://www.glossier.com/en-lt/products/ultralip?variant=46255436398837";"2026-04-10T12:39:40.785Z"
"Ultralip";"Cachet";"€25,95 EUR";"https://www.glossier.com/en-lt/products/ultralip?variant=46255436398837";"2026-04-10T12:39:40.785Z"
"Ultralip";"Coupe";"€25,95 EUR";"https://www.glossier.com/en-lt/products/ultralip?variant=46255436398837";"2026-04-10T12:39:40.785Z"
"Ultralip";"Trench";"€25,95 EUR";"https://www.glossier.com/en-lt/products/ultralip?variant=46255436398837";"2026-04-10T12:39:40.785Z"
"Ultralip";"Portrait";"€25,95 EUR";"https://www.glossier.com/en-lt/products/ultralip?variant=46255436398837";"2026-04-10T12:39:40.785Z"
"Ultralip";"Vesper";"€25,95 EUR";"https://www.glossier.com/en-lt/products/ultralip?variant=46255436398837";"2026-04-10T12:39:40.785Z"
"Ultralip";"Ember";"€25,95 EUR";"https://www.glossier.com/en-lt/products/ultralip?variant=46255436398837";"2026-04-10T12:39:40.785Z"
"Ultralip";"Villa";"€25,95 EUR";"https://www.glossier.com/en-lt/products/ultralip?variant=46255436398837";"2026-04-10T12:39:40.785Z"
"Lip Gloss";"Pink";"€21,95 EUR";"https://www.glossier.com/en-lt/products/lip-gloss?variant=45798167675125";"2026-04-10T12:39:40.785Z"
"Lip Gloss";"Brown";"€21,95 EUR";"https://www.glossier.com/en-lt/products/lip-gloss?variant=45798167675125";"2026-04-10T12:39:40.785Z"
"Lip Gloss";"Bronze";"€21,95 EUR";"https://www.glossier.com/en-lt/products/lip-gloss?variant=45798167675125";"2026-04-10T12:39:40.785Z"
"Lip Gloss";"Clear";"€21,95 EUR";"https://www.glossier.com/en-lt/products/lip-gloss?variant=45798167675125";"2026-04-10T12:39:40.785Z"
"Lip Gloss";"Holographic";"€21,95 EUR";"https://www.glossier.com/en-lt/products/lip-gloss?variant=45798167675125";"2026-04-10T12:39:40.785Z"
"Lip Gloss";"Red";"€21,95 EUR";"https://www.glossier.com/en-lt/products/lip-gloss?variant=45798167675125";"2026-04-10T12:39:40.785Z"
"Boy Brow Arch";"Black";"€28,95 EUR";"https://www.glossier.com/en-lt/products/boy-brow-arch?variant=45591166353653";"2026-04-10T12:39:40.785Z"
"Boy Brow Arch";"Cool Dark Brown";"€28,95 EUR";"https://www.glossier.com/en-lt/products/boy-brow-arch?variant=45591166353653";"2026-04-10T12:39:40.785Z"
"Boy Brow Arch";"Warm Dark Brown";"€28,95 EUR";"https://www.glossier.com/en-lt/products/boy-brow-arch?variant=45591166353653";"2026-04-10T12:39:40.785Z"
"Boy Brow Arch";"Cool Brown";"€28,95 EUR";"https://www.glossier.com/en-lt/products/boy-brow-arch?variant=45591166353653";"2026-04-10T12:39:40.785Z"
"Boy Brow Arch";"Warm Brown";"€28,95 EUR";"https://www.glossier.com/en-lt/products/boy-brow-arch?variant=45591166353653";"2026-04-10T12:39:40.785Z"
"Boy Brow Arch";"Auburn";"€28,95 EUR";"https://www.glossier.com/en-lt/products/boy-brow-arch?variant=45591166353653";"2026-04-10T12:39:40.785Z"
"Boy Brow Arch";"Cool Blond";"€28,95 EUR";"https://www.glossier.com/en-lt/products/boy-brow-arch?variant=45591166353653";"2026-04-10T12:39:40.785Z"
"Boy Brow Arch";"Warm Blond";"€28,95 EUR";"https://www.glossier.com/en-lt/products/boy-brow-arch?variant=45591166353653";"2026-04-10T12:39:40.785Z"
"Boy Brow Arch";"Grey";"€28,95 EUR";"https://www.glossier.com/en-lt/products/boy-brow-arch?variant=45591166353653";"2026-04-10T12:39:40.785Z"
"Body Spritz";"Orange Blossom Neroli";"€40,95 EUR";"https://www.glossier.com/en-lt/products/body-spritz?variant=46579394117877";"2026-04-10T12:39:40.785Z"
"Body Spritz";"Sandstone";"€40,95 EUR";"https://www.glossier.com/en-lt/products/body-spritz?variant=46579394117877";"2026-04-10T12:39:40.785Z"
"Body Spritz";"Lilyhaze";"€40,95 EUR";"https://www.glossier.com/en-lt/products/body-spritz?variant=46579394117877";"2026-04-10T12:39:40.785Z"
"Hand Cream";"Glossier You";"€23,95 EUR";"https://www.glossier.com/en-lt/products/hand-cream?variant=47045518524661";"2026-04-10T12:39:40.785Z"
"Hand Cream";"Orange Blossom Neroli";"€23,95 EUR";"https://www.glossier.com/en-lt/products/hand-cream?variant=47045518524661";"2026-04-10T12:39:40.785Z"
"Hand Cream";"Sandstone";"€23,95 EUR";"https://www.glossier.com/en-lt/products/hand-cream?variant=47045518524661";"2026-04-10T12:39:40.785Z"
"Hand Cream";"Lilyhaze";"€23,95 EUR";"https://www.glossier.com/en-lt/products/hand-cream?variant=47045518524661";"2026-04-10T12:39:40.785Z"
"Glossier You Wardrobe";"No variants";"€17,95";"https://www.glossier.com/en-lt/products/glossier-you-mini-wardrobe?variant=47033868976373";"2026-04-10T12:39:40.785Z"
"Mini Ultralip Trio";"No variants";"Sale price €23,95";"https://www.glossier.com/en-lt/products/mini-ultralip-trio?variant=47033867862261";"2026-04-10T12:39:40.785Z"
"Mini Cloud Paint Trio";"No variants";"Sale price €23,95";"https://www.glossier.com/en-lt/products/mini-cloud-paint-trio?variant=47033868746997";"2026-04-10T12:39:40.785Z"
"Deodorant";"No variants";"€26,95";"https://www.glossier.com/en-lt/products/deodorant?variant=43781983535349";"2026-04-10T12:39:40.785Z"
"Glossier Candles";"Glossier You";"€52,95 EUR";"https://www.glossier.com/en-lt/products/glossier-candle?variant=44207176417525";"2026-04-10T12:39:40.785Z"
"Glossier Candles";"Orange Blossom Neroli";"€52,95 EUR";"https://www.glossier.com/en-lt/products/glossier-candle?variant=44207176417525";"2026-04-10T12:39:40.785Z"
"Glossier Candles";"Sandstone";"€52,95 EUR";"https://www.glossier.com/en-lt/products/glossier-candle?variant=44207176417525";"2026-04-10T12:39:40.785Z"
"Glossier Candles";"Lilyhaze";"€52,95 EUR";"https://www.glossier.com/en-lt/products/glossier-candle?variant=44207176417525";"2026-04-10T12:39:40.785Z"
"Generation G";"Cake";"€23,95 EUR";"https://www.glossier.com/en-lt/products/generation-g?variant=44209550557429";"2026-04-10T12:39:40.785Z"
"Generation G";"Like";"€23,95 EUR";"https://www.glossier.com/en-lt/products/generation-g?variant=44209550557429";"2026-04-10T12:39:40.785Z"
"Generation G";"Zip";"€23,95 EUR";"https://www.glossier.com/en-lt/products/generation-g?variant=44209550557429";"2026-04-10T12:39:40.785Z"
"Generation G";"Leo";"€23,95 EUR";"https://www.glossier.com/en-lt/products/generation-g?variant=44209550557429";"2026-04-10T12:39:40.785Z"
"Generation G";"Jam";"€23,95 EUR";"https://www.glossier.com/en-lt/products/generation-g?variant=44209550557429";"2026-04-10T12:39:40.785Z"
"Generation G";"Punch";"€23,95 EUR";"https://www.glossier.com/en-lt/products/generation-g?variant=44209550557429";"2026-04-10T12:39:40.785Z"
"Generation G";"Malt";"€23,95 EUR";"https://www.glossier.com/en-lt/products/generation-g?variant=44209550557429";"2026-04-10T12:39:40.785Z"
"Generation G";"Fuzz";"€23,95 EUR";"https://www.glossier.com/en-lt/products/generation-g?variant=44209550557429";"2026-04-10T12:39:40.785Z"
"Generation G";"Crush";"€23,95 EUR";"https://www.glossier.com/en-lt/products/generation-g?variant=44209550557429";"2026-04-10T12:39:40.785Z"
"Lip Glaze";"Icy";"€25,95 EUR";"https://www.glossier.com/en-lt/products/lip-glaze?variant=46378215506165";"2026-04-10T12:39:40.785Z"
"Lip Glaze";"Frosty";"€25,95 EUR";"https://www.glossier.com/en-lt/products/lip-glaze?variant=46378215506165";"2026-04-10T12:39:40.785Z"
"Lip Glaze";"Chilly";"€25,95 EUR";"https://www.glossier.com/en-lt/products/lip-glaze?variant=46378215506165";"2026-04-10T12:39:40.785Z"
"Lip Glaze";"Tangy";"€25,95 EUR";"https://www.glossier.com/en-lt/products/lip-glaze?variant=46378215506165";"2026-04-10T12:39:40.785Z"
"Lip Glaze";"Creamy";"€25,95 EUR";"https://www.glossier.com/en-lt/products/lip-glaze?variant=46378215506165";"2026-04-10T12:39:40.785Z"
"Lip Glaze";"Melty";"€25,95 EUR";"https://www.glossier.com/en-lt/products/lip-glaze?variant=46378215506165";"2026-04-10T12:39:40.785Z"
"Crème de You";"No variants";"€52,95";"https://www.glossier.com/en-lt/products/creme-de-you?variant=45775013544181";"2026-04-10T12:39:40.785Z"
"G Suit";"Curve";"€14,95 EUR";"https://www.glossier.com/en-lt/products/g-suit?variant=43781991465205";"2026-04-10T12:39:40.785Z"
"G Suit";"Drive";"€14,95 EUR";"https://www.glossier.com/en-lt/products/g-suit?variant=43781991465205";"2026-04-10T12:39:40.785Z"
"G Suit";"Flip";"€14,95 EUR";"https://www.glossier.com/en-lt/products/g-suit?variant=43781991465205";"2026-04-10T12:39:40.785Z"
"G Suit";"Jet";"€14,95 EUR";"https://www.glossier.com/en-lt/products/g-suit?variant=43781991465205";"2026-04-10T12:39:40.785Z"
"G Suit";"Pilot";"€14,95 EUR";"https://www.glossier.com/en-lt/products/g-suit?variant=43781991465205";"2026-04-10T12:39:40.785Z"
"G Suit";"Shift";"€14,95 EUR";"https://www.glossier.com/en-lt/products/g-suit?variant=43781991465205";"2026-04-10T12:39:40.785Z"
"G Suit";"Tempo";"€14,95 EUR";"https://www.glossier.com/en-lt/products/g-suit?variant=43781991465205";"2026-04-10T12:39:40.785Z"
"G Suit";"Strike";"€14,95 EUR";"https://www.glossier.com/en-lt/products/g-suit?variant=43781991465205";"2026-04-10T12:39:40.785Z"
"G Suit";"Lane";"€14,95 EUR";"https://www.glossier.com/en-lt/products/g-suit?variant=43781991465205";"2026-04-10T12:39:40.785Z"
"Cloud Paint Plush Blush";"Storm";"€30,95 EUR";"https://www.glossier.com/en-lt/products/cloud-paint-plush-blush?variant=46966507012341";"2026-04-10T12:39:40.785Z"
"Cloud Paint Plush Blush";"Puff";"€30,95 EUR";"https://www.glossier.com/en-lt/products/cloud-paint-plush-blush?variant=46966507012341";"2026-04-10T12:39:40.785Z"
"Cloud Paint Plush Blush";"Billow";"€30,95 EUR";"https://www.glossier.com/en-lt/products/cloud-paint-plush-blush?variant=46966507012341";"2026-04-10T12:39:40.785Z"
"Cloud Paint Plush Blush";"Beam";"€30,95 EUR";"https://www.glossier.com/en-lt/products/cloud-paint-plush-blush?variant=46966507012341";"2026-04-10T12:39:40.785Z"
"Cloud Paint Plush Blush";"Bloom";"€30,95 EUR";"https://www.glossier.com/en-lt/products/cloud-paint-plush-blush?variant=46966507012341";"2026-04-10T12:39:40.785Z"
"Cloud Paint Plush Blush";"Gale";"€30,95 EUR";"https://www.glossier.com/en-lt/products/cloud-paint-plush-blush?variant=46966507012341";"2026-04-10T12:39:40.785Z"
"Cloud Paint Plush Blush";"Float";"€30,95 EUR";"https://www.glossier.com/en-lt/products/cloud-paint-plush-blush?variant=46966507012341";"2026-04-10T12:39:40.785Z"
"Cloud Paint Plush Blush";"Soar";"€30,95 EUR";"https://www.glossier.com/en-lt/products/cloud-paint-plush-blush?variant=46966507012341";"2026-04-10T12:39:40.785Z"
"Cloud Paint Plush Blush";"Burst";"€30,95 EUR";"https://www.glossier.com/en-lt/products/cloud-paint-plush-blush?variant=46966507012341";"2026-04-10T12:39:40.785Z"
"Cloud Paint Plush Blush";"Plume";"€30,95 EUR";"https://www.glossier.com/en-lt/products/cloud-paint-plush-blush?variant=46966507012341";"2026-04-10T12:39:40.785Z"
"Ultralip Duo";"No variants";"Sale price €45,95";"https://www.glossier.com/en-lt/products/ultralip-duo?variant=46351758459125";"2026-04-10T12:39:40.785Z"
"Balm Dotcom Trio";"No variants";"Sale price €49,95";"https://www.glossier.com/en-lt/products/balm-dotcom-trio?variant=46731770429685";"2026-04-10T12:39:40.785Z"
"Top Shelf Essentials";"No variants";"Sale price €87,95";"https://www.glossier.com/en-lt/products/top-shelf-essentials?variant=46746523697397";"2026-04-10T12:39:40.785Z"
"Balm + Line Duo";"No variants";"Sale price €37,95";"https://www.glossier.com/en-lt/products/balm-line-duo?variant=46731773575413";"2026-04-10T12:39:40.785Z"
"Soft Floral Travel Trio";"No variants";"Sale price €88,95";"https://www.glossier.com/en-lt/products/soft-floral-travel-trio?variant=46499076538613";"2026-04-10T12:39:40.785Z"
"Earbuds Beauty Bag";"No variants";"€11,95";"https://www.glossier.com/en-lt/products/earbuds-beauty-bag?variant=47045579571445";"2026-04-10T12:39:40.785Z"
"The Beauty Bag";"No variants";"€52,95";"https://www.glossier.com/en-lt/products/the-beauty-bag?variant=43781982978293";"2026-04-10T12:39:40.785Z"
"Mini Beauty Bag";"Red";"€40,95 EUR";"https://www.glossier.com/en-lt/products/mini-beauty-bag?variant=44587239211253";"2026-04-10T12:39:40.785Z"
"Mini Beauty Bag";"Pink";"€40,95 EUR";"https://www.glossier.com/en-lt/products/mini-beauty-bag?variant=44587239211253";"2026-04-10T12:39:40.785Z"
"After Baume";"50 mL";"€39,95 EUR";"https://www.glossier.com/en-lt/products/glossier-after-baume?variant=44416231604469";"2026-04-10T12:39:40.785Z"
"Body Hero Dry-Touch Oil Mist";"No variants";"€35,95";"https://www.glossier.com/en-lt/products/body-hero-dry-touch-oil-mist?variant=43781983043829";"2026-04-10T12:39:40.785Z"
"Glossier You Solid";"No variants";"€40,95";"https://www.glossier.com/en-lt/products/glossier-you-solid?variant=43781982257397";"2026-04-10T12:39:40.785Z"
"Daily Oil Wash";"Orange Blossom Neroli";"€32,95 EUR";"https://www.glossier.com/en-lt/products/body-hero-daily-oil-wash?variant=46654792827125";"2026-04-10T12:39:40.785Z"
"Daily Oil Wash";"Sandstone";"€32,95 EUR";"https://www.glossier.com/en-lt/products/body-hero-daily-oil-wash?variant=46654792827125";"2026-04-10T12:39:40.785Z"
"Daily Perfecting Lotion";"Orange Blossom Neroli";"€32,95 EUR";"https://www.glossier.com/en-lt/products/body-hero-daily-perfecting-lotion?variant=46654804492533";"2026-04-10T12:39:40.785Z"
"Daily Perfecting Lotion";"Sandstone";"€32,95 EUR";"https://www.glossier.com/en-lt/products/body-hero-daily-perfecting-lotion?variant=46654804492533";"2026-04-10T12:39:40.785Z"
"No. 1 Pencil";"Ochre";"€23,95 EUR";"https://www.glossier.com/en-lt/products/no-1-pencil?variant=46178257731829";"2026-04-10T12:39:40.785Z"
"No. 1 Pencil";"Kiln";"€23,95 EUR";"https://www.glossier.com/en-lt/products/no-1-pencil?variant=46178257731829";"2026-04-10T12:39:40.785Z"
"No. 1 Pencil";"Frame";"€23,95 EUR";"https://www.glossier.com/en-lt/products/no-1-pencil?variant=46178257731829";"2026-04-10T12:39:40.785Z"
"No. 1 Pencil";"Ink";"€23,95 EUR";"https://www.glossier.com/en-lt/products/no-1-pencil?variant=46178257731829";"2026-04-10T12:39:40.785Z"
"No. 1 Pencil";"Muse";"€23,95 EUR";"https://www.glossier.com/en-lt/products/no-1-pencil?variant=46178257731829";"2026-04-10T12:39:40.785Z"
"No. 1 Pencil";"Lapis";"€23,95 EUR";"https://www.glossier.com/en-lt/products/no-1-pencil?variant=46178257731829";"2026-04-10T12:39:40.785Z"
"No. 1 Pencil";"Patina";"€23,95 EUR";"https://www.glossier.com/en-lt/products/no-1-pencil?variant=46178257731829";"2026-04-10T12:39:40.785Z"
"No. 1 Pencil";"Fresco";"€23,95 EUR";"https://www.glossier.com/en-lt/products/no-1-pencil?variant=46178257731829";"2026-04-10T12:39:40.785Z"
"No. 1 Pencil";"Canvas";"€23,95 EUR";"https://www.glossier.com/en-lt/products/no-1-pencil?variant=46178257731829";"2026-04-10T12:39:40.785Z"
"No. 1 Pencil";"Rococo";"€23,95 EUR";"https://www.glossier.com/en-lt/products/no-1-pencil?variant=46178257731829";"2026-04-10T12:39:40.785Z"
"No. 1 Pencil";"Black Cherry";"€23,95 EUR";"https://www.glossier.com/en-lt/products/no-1-pencil?variant=46178257731829";"2026-04-10T12:39:40.785Z"
"Priming Moisturizer";"No variants";"€30,95";"https://www.glossier.com/en-lt/products/priming-moisturizer?variant=43781983142133";"2026-04-10T12:39:40.785Z"
"Full Orbit";"No variants";"€32,95";"https://www.glossier.com/en-lt/products/full-orbit?variant=44181679898869";"2026-04-10T12:39:40.785Z"
"Cloud Paint Duo";"No variants";"Sale price €44,95";"https://www.glossier.com/en-lt/products/cloud-paint-duo?variant=44416364609781";"2026-04-10T12:39:40.785Z"
"Lash Slick";"Brown";"€23,95 EUR";"https://www.glossier.com/en-lt/products/lash-slick?variant=43781982388469";"2026-04-10T12:39:40.785Z"
"Lash Slick";"Black";"€23,95 EUR";"https://www.glossier.com/en-lt/products/lash-slick?variant=43781982388469";"2026-04-10T12:39:40.785Z"
"Stretch Fluid Foundation";"Very Deep 4";"€39,95 EUR";"https://www.glossier.com/en-lt/products/stretch-fluid-foundation?variant=43936720847093";"2026-04-10T12:39:40.785Z"
"Stretch Fluid Foundation";"Very Deep 3";"€39,95 EUR";"https://www.glossier.com/en-lt/products/stretch-fluid-foundation?variant=43936720847093";"2026-04-10T12:39:40.785Z"
"Stretch Fluid Foundation";"Very Deep 2";"€39,95 EUR";"https://www.glossier.com/en-lt/products/stretch-fluid-foundation?variant=43936720847093";"2026-04-10T12:39:40.785Z"
"Stretch Fluid Foundation";"Very Deep 1";"€39,95 EUR";"https://www.glossier.com/en-lt/products/stretch-fluid-foundation?variant=43936720847093";"2026-04-10T12:39:40.785Z"
"Stretch Fluid Foundation";"Deep 5";"€39,95 EUR";"https://www.glossier.com/en-lt/products/stretch-fluid-foundation?variant=43936720847093";"2026-04-10T12:39:40.785Z"
"Stretch Fluid Foundation";"Deep 4";"€39,95 EUR";"https://www.glossier.com/en-lt/products/stretch-fluid-foundation?variant=43936720847093";"2026-04-10T12:39:40.785Z"
"Stretch Fluid Foundation";"Deep 3";"€39,95 EUR";"https://www.glossier.com/en-lt/products/stretch-fluid-foundation?variant=43936720847093";"2026-04-10T12:39:40.785Z"
"Stretch Fluid Foundation";"Deep 2";"€39,95 EUR";"https://www.glossier.com/en-lt/products/stretch-fluid-foundation?variant=43936720847093";"2026-04-10T12:39:40.785Z"
"Stretch Fluid Foundation";"Deep 1";"€39,95 EUR";"https://www.glossier.com/en-lt/products/stretch-fluid-foundation?variant=43936720847093";"2026-04-10T12:39:40.785Z"
"Stretch Fluid Foundation";"Medium Deep 4";"€39,95 EUR";"https://www.glossier.com/en-lt/products/stretch-fluid-foundation?variant=43936720847093";"2026-04-10T12:39:40.785Z"
"Stretch Fluid Foundation";"Medium Deep 3";"€39,95 EUR";"https://www.glossier.com/en-lt/products/stretch-fluid-foundation?variant=43936720847093";"2026-04-10T12:39:40.785Z"
"Stretch Fluid Foundation";"Medium Deep 2";"€39,95 EUR";"https://www.glossier.com/en-lt/products/stretch-fluid-foundation?variant=43936720847093";"2026-04-10T12:39:40.785Z"
"Stretch Fluid Foundation";"Medium Deep 1";"€39,95 EUR";"https://www.glossier.com/en-lt/products/stretch-fluid-foundation?variant=43936720847093";"2026-04-10T12:39:40.785Z"
"Stretch Fluid Foundation";"Medium Tan 5";"€39,95 EUR";"https://www.glossier.com/en-lt/products/stretch-fluid-foundation?variant=43936720847093";"2026-04-10T12:39:40.785Z"
"Stretch Fluid Foundation";"Medium Tan 4";"€39,95 EUR";"https://www.glossier.com/en-lt/products/stretch-fluid-foundation?variant=43936720847093";"2026-04-10T12:39:40.785Z"
"Stretch Fluid Foundation";"Medium Tan 3";"€39,95 EUR";"https://www.glossier.com/en-lt/products/stretch-fluid-foundation?variant=43936720847093";"2026-04-10T12:39:40.785Z"
"Stretch Fluid Foundation";"Medium Tan 2";"€39,95 EUR";"https://www.glossier.com/en-lt/products/stretch-fluid-foundation?variant=43936720847093";"2026-04-10T12:39:40.785Z"
"Stretch Fluid Foundation";"Medium Tan 1";"€39,95 EUR";"https://www.glossier.com/en-lt/products/stretch-fluid-foundation?variant=43936720847093";"2026-04-10T12:39:40.785Z"
"Stretch Fluid Foundation";"Medium 5";"€39,95 EUR";"https://www.glossier.com/en-lt/products/stretch-fluid-foundation?variant=43936720847093";"2026-04-10T12:39:40.785Z"
"Stretch Fluid Foundation";"Medium 4";"€39,95 EUR";"https://www.glossier.com/en-lt/products/stretch-fluid-foundation?variant=43936720847093";"2026-04-10T12:39:40.785Z"
"Stretch Fluid Foundation";"Medium 3";"€39,95 EUR";"https://www.glossier.com/en-lt/products/stretch-fluid-foundation?variant=43936720847093";"2026-04-10T12:39:40.785Z"
"Stretch Fluid Foundation";"Medium 2";"€39,95 EUR";"https://www.glossier.com/en-lt/products/stretch-fluid-foundation?variant=43936720847093";"2026-04-10T12:39:40.785Z"
"Stretch Fluid Foundation";"Medium 1";"€39,95 EUR";"https://www.glossier.com/en-lt/products/stretch-fluid-foundation?variant=43936720847093";"2026-04-10T12:39:40.785Z"
"Stretch Fluid Foundation";"Light 5";"€39,95 EUR";"https://www.glossier.com/en-lt/products/stretch-fluid-foundation?variant=43936720847093";"2026-04-10T12:39:40.785Z"
"Stretch Fluid Foundation";"Light 4";"€39,95 EUR";"https://www.glossier.com/en-lt/products/stretch-fluid-foundation?variant=43936720847093";"2026-04-10T12:39:40.785Z"
"Stretch Fluid Foundation";"Light 3";"€39,95 EUR";"https://www.glossier.com/en-lt/products/stretch-fluid-foundation?variant=43936720847093";"2026-04-10T12:39:40.785Z"
"Stretch Fluid Foundation";"Light 2";"€39,95 EUR";"https://www.glossier.com/en-lt/products/stretch-fluid-foundation?variant=43936720847093";"2026-04-10T12:39:40.785Z"
"Stretch Fluid Foundation";"Light 1";"€39,95 EUR";"https://www.glossier.com/en-lt/products/stretch-fluid-foundation?variant=43936720847093";"2026-04-10T12:39:40.785Z"
"Stretch Fluid Foundation";"Very Light 4";"€39,95 EUR";"https://www.glossier.com/en-lt/products/stretch-fluid-foundation?variant=43936720847093";"2026-04-10T12:39:40.785Z"
"Stretch Fluid Foundation";"Very Light 3";"€39,95 EUR";"https://www.glossier.com/en-lt/products/stretch-fluid-foundation?variant=43936720847093";"2026-04-10T12:39:40.785Z"
"Stretch Fluid Foundation";"Very Light 2";"€39,95 EUR";"https://www.glossier.com/en-lt/products/stretch-fluid-foundation?variant=43936720847093";"2026-04-10T12:39:40.785Z"
"Stretch Fluid Foundation";"Very Light 1";"€39,95 EUR";"https://www.glossier.com/en-lt/products/stretch-fluid-foundation?variant=43936720847093";"2026-04-10T12:39:40.785Z"
"Stretch Balm Concealer";"Very Deep 4";"€25,95 EUR";"https://www.glossier.com/en-lt/products/stretch-balm-concealer?variant=43957670707445";"2026-04-10T12:39:40.785Z"
"Stretch Balm Concealer";"Very Deep 3";"€25,95 EUR";"https://www.glossier.com/en-lt/products/stretch-balm-concealer?variant=43957670707445";"2026-04-10T12:39:40.785Z"
"Stretch Balm Concealer";"Very Deep 2";"€25,95 EUR";"https://www.glossier.com/en-lt/products/stretch-balm-concealer?variant=43957670707445";"2026-04-10T12:39:40.785Z"
"Stretch Balm Concealer";"Very Deep 1";"€25,95 EUR";"https://www.glossier.com/en-lt/products/stretch-balm-concealer?variant=43957670707445";"2026-04-10T12:39:40.785Z"
"Stretch Balm Concealer";"Deep 5";"€25,95 EUR";"https://www.glossier.com/en-lt/products/stretch-balm-concealer?variant=43957670707445";"2026-04-10T12:39:40.785Z"
"Stretch Balm Concealer";"Deep 4";"€25,95 EUR";"https://www.glossier.com/en-lt/products/stretch-balm-concealer?variant=43957670707445";"2026-04-10T12:39:40.785Z"
"Stretch Balm Concealer";"Deep 3";"€25,95 EUR";"https://www.glossier.com/en-lt/products/stretch-balm-concealer?variant=43957670707445";"2026-04-10T12:39:40.785Z"
"Stretch Balm Concealer";"Deep 2";"€25,95 EUR";"https://www.glossier.com/en-lt/products/stretch-balm-concealer?variant=43957670707445";"2026-04-10T12:39:40.785Z"
"Stretch Balm Concealer";"Deep 1";"€25,95 EUR";"https://www.glossier.com/en-lt/products/stretch-balm-concealer?variant=43957670707445";"2026-04-10T12:39:40.785Z"
"Stretch Balm Concealer";"Medium Deep 4";"€25,95 EUR";"https://www.glossier.com/en-lt/products/stretch-balm-concealer?variant=43957670707445";"2026-04-10T12:39:40.785Z"
"Stretch Balm Concealer";"Medium Deep 3";"€25,95 EUR";"https://www.glossier.com/en-lt/products/stretch-balm-concealer?variant=43957670707445";"2026-04-10T12:39:40.785Z"
"Stretch Balm Concealer";"Medium Deep 2";"€25,95 EUR";"https://www.glossier.com/en-lt/products/stretch-balm-concealer?variant=43957670707445";"2026-04-10T12:39:40.785Z"
"Stretch Balm Concealer";"Medium Deep 1";"€25,95 EUR";"https://www.glossier.com/en-lt/products/stretch-balm-concealer?variant=43957670707445";"2026-04-10T12:39:40.785Z"
"Stretch Balm Concealer";"Medium Tan 5";"€25,95 EUR";"https://www.glossier.com/en-lt/products/stretch-balm-concealer?variant=43957670707445";"2026-04-10T12:39:40.785Z"
"Stretch Balm Concealer";"Medium Tan 4";"€25,95 EUR";"https://www.glossier.com/en-lt/products/stretch-balm-concealer?variant=43957670707445";"2026-04-10T12:39:40.785Z"
"Stretch Balm Concealer";"Medium Tan 3";"€25,95 EUR";"https://www.glossier.com/en-lt/products/stretch-balm-concealer?variant=43957670707445";"2026-04-10T12:39:40.785Z"
"Stretch Balm Concealer";"Medium Tan 2";"€25,95 EUR";"https://www.glossier.com/en-lt/products/stretch-balm-concealer?variant=43957670707445";"2026-04-10T12:39:40.785Z"
"Stretch Balm Concealer";"Medium Tan 1";"€25,95 EUR";"https://www.glossier.com/en-lt/products/stretch-balm-concealer?variant=43957670707445";"2026-04-10T12:39:40.785Z"
"Stretch Balm Concealer";"Medium 5";"€25,95 EUR";"https://www.glossier.com/en-lt/products/stretch-balm-concealer?variant=43957670707445";"2026-04-10T12:39:40.785Z"
"Stretch Balm Concealer";"Medium 4";"€25,95 EUR";"https://www.glossier.com/en-lt/products/stretch-balm-concealer?variant=43957670707445";"2026-04-10T12:39:40.785Z"
"Stretch Balm Concealer";"Medium 3";"€25,95 EUR";"https://www.glossier.com/en-lt/products/stretch-balm-concealer?variant=43957670707445";"2026-04-10T12:39:40.785Z"
"Stretch Balm Concealer";"Medium 2";"€25,95 EUR";"https://www.glossier.com/en-lt/products/stretch-balm-concealer?variant=43957670707445";"2026-04-10T12:39:40.785Z"
"Stretch Balm Concealer";"Medium 1";"€25,95 EUR";"https://www.glossier.com/en-lt/products/stretch-balm-concealer?variant=43957670707445";"2026-04-10T12:39:40.785Z"
"Stretch Balm Concealer";"Light 5";"€25,95 EUR";"https://www.glossier.com/en-lt/products/stretch-balm-concealer?variant=43957670707445";"2026-04-10T12:39:40.785Z"
"Stretch Balm Concealer";"Light 4";"€25,95 EUR";"https://www.glossier.com/en-lt/products/stretch-balm-concealer?variant=43957670707445";"2026-04-10T12:39:40.785Z"
"Stretch Balm Concealer";"Light 3";"€25,95 EUR";"https://www.glossier.com/en-lt/products/stretch-balm-concealer?variant=43957670707445";"2026-04-10T12:39:40.785Z"
"Stretch Balm Concealer";"Light 2";"€25,95 EUR";"https://www.glossier.com/en-lt/products/stretch-balm-concealer?variant=43957670707445";"2026-04-10T12:39:40.785Z"
"Stretch Balm Concealer";"Light 1";"€25,95 EUR";"https://www.glossier.com/en-lt/products/stretch-balm-concealer?variant=43957670707445";"2026-04-10T12:39:40.785Z"
"Stretch Balm Concealer";"Very Light 4";"€25,95 EUR";"https://www.glossier.com/en-lt/products/stretch-balm-concealer?variant=43957670707445";"2026-04-10T12:39:40.785Z"
"Stretch Balm Concealer";"Very Light 3";"€25,95 EUR";"https://www.glossier.com/en-lt/products/stretch-balm-concealer?variant=43957670707445";"2026-04-10T12:39:40.785Z"
"Stretch Balm Concealer";"Very Light 2";"€25,95 EUR";"https://www.glossier.com/en-lt/products/stretch-balm-concealer?variant=43957670707445";"2026-04-10T12:39:40.785Z"
"Stretch Balm Concealer";"Very Light 1";"€25,95 EUR";"https://www.glossier.com/en-lt/products/stretch-balm-concealer?variant=43957670707445";"2026-04-10T12:39:40.785Z"
"Stretch Face Duo";"No variants";"Sale price €58,95";"https://www.glossier.com/en-lt/products/stretch-face-duo?variant=43980971081973";"2026-04-10T12:39:40.785Z"
"Original Pink Hoodie";"XS";"€69,95 EUR";"https://www.glossier.com/en-lt/products/original-pink-hoodie?variant=43781990514933";"2026-04-10T12:39:40.785Z"
"Original Pink Hoodie";"S";"€69,95 EUR";"https://www.glossier.com/en-lt/products/original-pink-hoodie?variant=43781990514933";"2026-04-10T12:39:40.785Z"
"Original Pink Hoodie";"M";"€69,95 EUR";"https://www.glossier.com/en-lt/products/original-pink-hoodie?variant=43781990514933";"2026-04-10T12:39:40.785Z"
"Original Pink Hoodie";"L";"€69,95 EUR";"https://www.glossier.com/en-lt/products/original-pink-hoodie?variant=43781990514933";"2026-04-10T12:39:40.785Z"
"Original Pink Hoodie";"XL";"€69,95 EUR";"https://www.glossier.com/en-lt/products/original-pink-hoodie?variant=43781990514933";"2026-04-10T12:39:40.785Z"
"Original Pink Hoodie";"2XL";"€69,95 EUR";"https://www.glossier.com/en-lt/products/original-pink-hoodie?variant=43781990514933";"2026-04-10T12:39:40.785Z"
"Original Pink Hoodie";"3XL";"€69,95 EUR";"https://www.glossier.com/en-lt/products/original-pink-hoodie?variant=43781990514933";"2026-04-10T12:39:40.785Z"
"Skylight";"Prism";"€28,95 EUR";"https://www.glossier.com/en-lt/products/skylight?variant=46783564939509";"2026-04-10T12:39:40.785Z"
"Skylight";"Lunar";"€28,95 EUR";"https://www.glossier.com/en-lt/products/skylight?variant=46783564939509";"2026-04-10T12:39:40.785Z"
"Skylight";"Starry";"€28,95 EUR";"https://www.glossier.com/en-lt/products/skylight?variant=46783564939509";"2026-04-10T12:39:40.785Z"
"Skylight";"Sunlit";"€28,95 EUR";"https://www.glossier.com/en-lt/products/skylight?variant=46783564939509";"2026-04-10T12:39:40.785Z"
"Skylight";"Glimmer";"€28,95 EUR";"https://www.glossier.com/en-lt/products/skylight?variant=46783564939509";"2026-04-10T12:39:40.785Z"
"Skylight";"Gaze";"€28,95 EUR";"https://www.glossier.com/en-lt/products/skylight?variant=46783564939509";"2026-04-10T12:39:40.785Z"
"Perfecting Skin Tint";"G1";"€35,95 EUR";"https://www.glossier.com/en-lt/products/perfecting-skin-tint?variant=43781992022261";"2026-04-10T12:39:40.785Z"
"Perfecting Skin Tint";"G2";"€35,95 EUR";"https://www.glossier.com/en-lt/products/perfecting-skin-tint?variant=43781992022261";"2026-04-10T12:39:40.785Z"
"Perfecting Skin Tint";"G3";"€35,95 EUR";"https://www.glossier.com/en-lt/products/perfecting-skin-tint?variant=43781992022261";"2026-04-10T12:39:40.785Z"
"Perfecting Skin Tint";"G4";"€35,95 EUR";"https://www.glossier.com/en-lt/products/perfecting-skin-tint?variant=43781992022261";"2026-04-10T12:39:40.785Z"
"Perfecting Skin Tint";"G5";"€35,95 EUR";"https://www.glossier.com/en-lt/products/perfecting-skin-tint?variant=43781992022261";"2026-04-10T12:39:40.785Z"
"Perfecting Skin Tint";"G6";"€35,95 EUR";"https://www.glossier.com/en-lt/products/perfecting-skin-tint?variant=43781992022261";"2026-04-10T12:39:40.785Z"
"Perfecting Skin Tint";"G7";"€35,95 EUR";"https://www.glossier.com/en-lt/products/perfecting-skin-tint?variant=43781992022261";"2026-04-10T12:39:40.785Z"
"Perfecting Skin Tint";"G8";"€35,95 EUR";"https://www.glossier.com/en-lt/products/perfecting-skin-tint?variant=43781992022261";"2026-04-10T12:39:40.785Z"
"Perfecting Skin Tint";"G9";"€35,95 EUR";"https://www.glossier.com/en-lt/products/perfecting-skin-tint?variant=43781992022261";"2026-04-10T12:39:40.785Z"
"Perfecting Skin Tint";"G10";"€35,95 EUR";"https://www.glossier.com/en-lt/products/perfecting-skin-tint?variant=43781992022261";"2026-04-10T12:39:40.785Z"
"Perfecting Skin Tint";"G11";"€35,95 EUR";"https://www.glossier.com/en-lt/products/perfecting-skin-tint?variant=43781992022261";"2026-04-10T12:39:40.785Z"
"Perfecting Skin Tint";"G12";"€35,95 EUR";"https://www.glossier.com/en-lt/products/perfecting-skin-tint?variant=43781992022261";"2026-04-10T12:39:40.785Z"
"Wowder Brush";"No variants";"€23,95";"https://www.glossier.com/en-lt/products/wowder-brush?variant=43781982879989";"2026-04-10T12:39:40.785Z"
"Stretch Face Brush";"No variants";"€32,95";"https://www.glossier.com/en-lt/products/stretch-face-brush?variant=43983135506677";"2026-04-10T12:39:40.785Z"
"Skywash";"Pebble";"€21,95 EUR";"https://www.glossier.com/en-lt/products/skywash?variant=43781988778229";"2026-04-10T12:39:40.785Z"
"Skywash";"Valley";"€21,95 EUR";"https://www.glossier.com/en-lt/products/skywash?variant=43781988778229";"2026-04-10T12:39:40.785Z"
"Skywash";"Echo";"€21,95 EUR";"https://www.glossier.com/en-lt/products/skywash?variant=43781988778229";"2026-04-10T12:39:40.785Z"
"Skywash";"Terra";"€21,95 EUR";"https://www.glossier.com/en-lt/products/skywash?variant=43781988778229";"2026-04-10T12:39:40.785Z"
"Skywash";"Palm";"€21,95 EUR";"https://www.glossier.com/en-lt/products/skywash?variant=43781988778229";"2026-04-10T12:39:40.785Z"
"Skywash";"Lawn";"€21,95 EUR";"https://www.glossier.com/en-lt/products/skywash?variant=43781988778229";"2026-04-10T12:39:40.785Z"
"Skywash";"Pool";"€21,95 EUR";"https://www.glossier.com/en-lt/products/skywash?variant=43781988778229";"2026-04-10T12:39:40.785Z"
"Milky Jelly Cleansing Balm";"No variants";"€28,95";"https://www.glossier.com/en-lt/products/milky-jelly-cleansing-balm?variant=46313447653621";"2026-04-10T12:39:40.785Z"
"Pro Tip";"No variants";"€24,95";"https://www.glossier.com/en-lt/products/pro-tip?variant=43781981470965";"2026-04-10T12:39:40.785Z"
"Invisible Shield SPF50";"No variants";"€37,95";"https://www.glossier.com/en-lt/products/invisible-shield-spf50-eu?variant=44879635153141";"2026-04-10T12:39:40.785Z"
"Brow Flick";"Brown";"€21,95 EUR";"https://www.glossier.com/en-lt/products/brow-flick?variant=43781983502581";"2026-04-10T12:39:40.785Z"
"Brow Flick";"Blond";"€21,95 EUR";"https://www.glossier.com/en-lt/products/brow-flick?variant=43781983502581";"2026-04-10T12:39:40.785Z"
"Brow Flick";"Black";"€21,95 EUR";"https://www.glossier.com/en-lt/products/brow-flick?variant=43781983502581";"2026-04-10T12:39:40.785Z"
"Super Glow";"No variants";"€39,95";"https://www.glossier.com/en-lt/products/super-glow?variant=43781982093557";"2026-04-10T12:39:40.785Z"
"Super Bounce";"No variants";"€39,95";"https://www.glossier.com/en-lt/products/super-bounce?variant=43781982355701";"2026-04-10T12:39:40.785Z"
"Super Pure";"No variants";"€39,95";"https://www.glossier.com/en-lt/products/super-pure?variant=43781981733109";"2026-04-10T12:39:40.785Z"
"Futuredew Solid";"No variants";"€30,95";"https://www.glossier.com/en-lt/products/futuredew-solid?variant=46269534863605";"2026-04-10T12:39:40.785Z"
"Birthday Cake Candle";"No variants";"€58,95";"https://www.glossier.com/en-lt/products/birthday-cake-candle?variant=45807718039797";"2026-04-10T12:39:40.785Z"
"Flush Glow Duo";"No variants";"Sale price €49,95";"https://www.glossier.com/en-lt/products/flush-glow-duo?variant=46590426382581";"2026-04-10T12:39:40.785Z"
"Universal Pro-Retinol";"No variants";"€46,95";"https://www.glossier.com/en-lt/products/universal-pro-retinol?variant=43781982159093";"2026-04-10T12:39:40.785Z"
"Deodorant Refillable Case";"No variants";"€5,95";"https://www.glossier.com/en-lt/products/deodorant-refillable-case?variant=43781984321781";"2026-04-10T12:39:40.785Z"
"Deodorant Refill Stick";"Glossier You";"€21,95 EUR";"https://www.glossier.com/en-lt/products/deodorant-refill-stick?variant=43781987565813";"2026-04-10T12:39:40.785Z"
"Deodorant Refill Stick";"Orange Blossom Neroli";"€21,95 EUR";"https://www.glossier.com/en-lt/products/deodorant-refill-stick?variant=43781987565813";"2026-04-10T12:39:40.785Z"
"Deodorant Refill Stick";"Sandstone";"€21,95 EUR";"https://www.glossier.com/en-lt/products/deodorant-refill-stick?variant=43781987565813";"2026-04-10T12:39:40.785Z"
"Deodorant Refill Stick";"Unscented";"€21,95 EUR";"https://www.glossier.com/en-lt/products/deodorant-refill-stick?variant=43781987565813";"2026-04-10T12:39:40.785Z"
"Solution";"No variants";"€35,95";"https://www.glossier.com/en-lt/products/solution?variant=44623477670133";"2026-04-10T12:39:40.785Z"
"Lidstar";"Lily";"€23,95 EUR";"https://www.glossier.com/en-lt/products/lidstar?variant=43781990088949";"2026-04-10T12:39:40.785Z"
"Lidstar";"Branch";"€23,95 EUR";"https://www.glossier.com/en-lt/products/lidstar?variant=43781990088949";"2026-04-10T12:39:40.785Z"
"Lidstar";"Herb";"€23,95 EUR";"https://www.glossier.com/en-lt/products/lidstar?variant=43781990088949";"2026-04-10T12:39:40.785Z"
"Lidstar";"Bun";"€23,95 EUR";"https://www.glossier.com/en-lt/products/lidstar?variant=43781990088949";"2026-04-10T12:39:40.785Z"
"Lidstar";"Fawn";"€23,95 EUR";"https://www.glossier.com/en-lt/products/lidstar?variant=43781990088949";"2026-04-10T12:39:40.785Z"
"Lidstar";"Cub";"€23,95 EUR";"https://www.glossier.com/en-lt/products/lidstar?variant=43781990088949";"2026-04-10T12:39:40.785Z"
"Lidstar";"Slip";"€23,95 EUR";"https://www.glossier.com/en-lt/products/lidstar?variant=43781990088949";"2026-04-10T12:39:40.785Z"
"Lidstar";"Moon";"€23,95 EUR";"https://www.glossier.com/en-lt/products/lidstar?variant=43781990088949";"2026-04-10T12:39:40.785Z"
"Body Hero Exfoliating Bar";"No variants";"€21,95";"https://www.glossier.com/en-lt/products/body-hero-exfoliating-bar?variant=43781982191861";"2026-04-10T12:39:40.785Z"
"Glossier You Solid Refill";"No variants";"€29,95";"https://www.glossier.com/en-lt/products/glossier-you-solid-refill?variant=43781982028021";"2026-04-10T12:39:40.785Z"
"Sharpener";"No variants";"€10,95";"https://www.glossier.com/en-lt/products/sharpener?variant=45181354279157";"2026-04-10T12:39:40.785Z"
"Terrazzo Hoodie";"XS";"€75,95 EUR";"https://www.glossier.com/en-lt/products/terrazzo-hoodie?variant=43002862010613";"2026-04-10T12:39:40.785Z"
"Terrazzo Hoodie";"S";"€75,95 EUR";"https://www.glossier.com/en-lt/products/terrazzo-hoodie?variant=43002862010613";"2026-04-10T12:39:40.785Z"
"Terrazzo Hoodie";"M";"€75,95 EUR";"https://www.glossier.com/en-lt/products/terrazzo-hoodie?variant=43002862010613";"2026-04-10T12:39:40.785Z"
"Terrazzo Hoodie";"L";"€75,95 EUR";"https://www.glossier.com/en-lt/products/terrazzo-hoodie?variant=43002862010613";"2026-04-10T12:39:40.785Z"
"Terrazzo Hoodie";"XL";"€75,95 EUR";"https://www.glossier.com/en-lt/products/terrazzo-hoodie?variant=43002862010613";"2026-04-10T12:39:40.785Z"
"Terrazzo Hoodie";"2XL";"€75,95 EUR";"https://www.glossier.com/en-lt/products/terrazzo-hoodie?variant=43002862010613";"2026-04-10T12:39:40.785Z"
"Terrazzo Hoodie";"3XL";"€75,95 EUR";"https://www.glossier.com/en-lt/products/terrazzo-hoodie?variant=43002862010613";"2026-04-10T12:39:40.785Z"
"Limited Edition Embroidered Cream Hoodie";"XS";"€75,95 EUR";"https://www.glossier.com/en-lt/products/limited-edition-embroidered-cream-hoodie?variant=43884795166965";"2026-04-10T12:39:40.785Z"
"Limited Edition Embroidered Cream Hoodie";"S";"€75,95 EUR";"https://www.glossier.com/en-lt/products/limited-edition-embroidered-cream-hoodie?variant=43884795166965";"2026-04-10T12:39:40.785Z"
"Limited Edition Embroidered Cream Hoodie";"M";"€75,95 EUR";"https://www.glossier.com/en-lt/products/limited-edition-embroidered-cream-hoodie?variant=43884795166965";"2026-04-10T12:39:40.785Z"
"Limited Edition Embroidered Cream Hoodie";"L";"€75,95 EUR";"https://www.glossier.com/en-lt/products/limited-edition-embroidered-cream-hoodie?variant=43884795166965";"2026-04-10T12:39:40.785Z"
"Limited Edition Embroidered Cream Hoodie";"XL";"€75,95 EUR";"https://www.glossier.com/en-lt/products/limited-edition-embroidered-cream-hoodie?variant=43884795166965";"2026-04-10T12:39:40.785Z"
"Limited Edition Embroidered Cream Hoodie";"2XL";"€75,95 EUR";"https://www.glossier.com/en-lt/products/limited-edition-embroidered-cream-hoodie?variant=43884795166965";"2026-04-10T12:39:40.785Z"
"Limited Edition Embroidered Cream Hoodie";"3XL";"€75,95 EUR";"https://www.glossier.com/en-lt/products/limited-edition-embroidered-cream-hoodie?variant=43884795166965";"2026-04-10T12:39:40.785Z"
"Three Eyed Smiley Mug";"No variants";"€21,95";"https://www.glossier.com/en-lt/products/three-eyed-smiley-mug?variant=46030761885941";"2026-04-10T12:39:40.785Z"
"Glossier Sweatshirt";"XS";"€64,95 EUR";"https://www.glossier.com/en-lt/products/glossier-sweatshirt?variant=43781988090101";"2026-04-10T12:39:40.785Z"
"Glossier Sweatshirt";"S";"€64,95 EUR";"https://www.glossier.com/en-lt/products/glossier-sweatshirt?variant=43781988090101";"2026-04-10T12:39:40.785Z"
"Glossier Sweatshirt";"M";"€64,95 EUR";"https://www.glossier.com/en-lt/products/glossier-sweatshirt?variant=43781988090101";"2026-04-10T12:39:40.785Z"
"Glossier Sweatshirt";"L";"€64,95 EUR";"https://www.glossier.com/en-lt/products/glossier-sweatshirt?variant=43781988090101";"2026-04-10T12:39:40.785Z"
"Glossier Sweatshirt";"XL";"€64,95 EUR";"https://www.glossier.com/en-lt/products/glossier-sweatshirt?variant=43781988090101";"2026-04-10T12:39:40.785Z"
"Glossier Sweatshirt";"2XL";"€64,95 EUR";"https://www.glossier.com/en-lt/products/glossier-sweatshirt?variant=43781988090101";"2026-04-10T12:39:40.785Z"
"Glossier Sweatshirt";"3XL";"€64,95 EUR";"https://www.glossier.com/en-lt/products/glossier-sweatshirt?variant=43781988090101";"2026-04-10T12:39:40.785Z"
"Field Greens Blanket";"No variants";"€75,95";"https://www.glossier.com/en-lt/products/field-greens-blanket?variant=43002858504437";"2026-04-10T12:39:40.785Z"
"Glossier Utility Bag";"No variants";"€64,95";"https://www.glossier.com/en-lt/products/glossier-utility-bag?variant=45265209196789";"2026-04-10T12:39:40.785Z"
"Duffle Bag";"No variants";"€64,95";"https://www.glossier.com/en-lt/products/duffle-bag?variant=43946844356853";"2026-04-10T12:39:40.785Z"
"Classic Cap";"Cloud Paint";"€35,95 EUR";"https://www.glossier.com/en-lt/products/classic-cap?variant=46093863977205";"2026-04-10T12:39:40.785Z"
"Classic Cap";"Glossier Pink";"€35,95 EUR";"https://www.glossier.com/en-lt/products/classic-cap?variant=46093863977205";"2026-04-10T12:39:40.785Z"
"Classic Cap";"Blue Denim";"€35,95 EUR";"https://www.glossier.com/en-lt/products/classic-cap?variant=46093863977205";"2026-04-10T12:39:40.785Z"
"Monochromes";"Clay";"€25,95 EUR";"https://www.glossier.com/en-lt/products/monochromes?variant=43781990383861";"2026-04-10T12:39:40.785Z"
"Monochromes";"Bluff";"€25,95 EUR";"https://www.glossier.com/en-lt/products/monochromes?variant=43781990383861";"2026-04-10T12:39:40.785Z"
"Monochromes";"Heather";"€25,95 EUR";"https://www.glossier.com/en-lt/products/monochromes?variant=43781990383861";"2026-04-10T12:39:40.785Z"
"Monochromes";"Mist";"€25,95 EUR";"https://www.glossier.com/en-lt/products/monochromes?variant=43781990383861";"2026-04-10T12:39:40.785Z"
"Monochromes";"Jute";"€25,95 EUR";"https://www.glossier.com/en-lt/products/monochromes?variant=43781990383861";"2026-04-10T12:39:40.785Z"
"Monochromes";"Almond";"€25,95 EUR";"https://www.glossier.com/en-lt/products/monochromes?variant=43781990383861";"2026-04-10T12:39:40.785Z"
"Monochromes";"Prairie";"€25,95 EUR";"https://www.glossier.com/en-lt/products/monochromes?variant=43781990383861";"2026-04-10T12:39:40.785Z"
"Monochromes";"Rosin";"€25,95 EUR";"https://www.glossier.com/en-lt/products/monochromes?variant=43781990383861";"2026-04-10T12:39:40.785Z"
"Monochromes";"Mesa";"€25,95 EUR";"https://www.glossier.com/en-lt/products/monochromes?variant=43781990383861";"2026-04-10T12:39:40.785Z"
"Monochromes";"Teak";"€25,95 EUR";"https://www.glossier.com/en-lt/products/monochromes?variant=43781990383861";"2026-04-10T12:39:40.785Z"
"Blush Duo";"No variants";"Sale price €46,95";"https://www.glossier.com/en-lt/products/blush-duo?variant=46981709889781";"2026-04-10T12:39:40.785Z"
"Pillowy Soft Duo";"No variants";"Sale price €44,95";"https://www.glossier.com/en-lt/products/pillowy-soft-duo?variant=46981711364341";"2026-04-10T12:39:40.785Z"
"Full Body Routine";"No variants";"Sale price €85,95";"https://www.glossier.com/en-lt/products/full-body-routine?variant=46654835425525";"2026-04-10T12:39:40.785Z"
"Spritz Duo";"No variants";"Sale price €65,95";"https://www.glossier.com/en-lt/products/spritz-duo?variant=46654861574389";"2026-04-10T12:39:40.785Z"
"Daily Body Duo";"No variants";"Sale price €58,95";"https://www.glossier.com/en-lt/products/body-hero-duo?variant=46654806982901";"2026-04-10T12:39:40.785Z"
"In Your Bag Duo";"No variants";"Sale price €50,95";"https://www.glossier.com/en-lt/products/in-your-bag-duo?variant=46731776622837";"2026-04-10T12:39:40.785Z"
"The Dewy Look";"No variants";"Sale price €50,95";"https://www.glossier.com/en-lt/products/the-dewy-look?variant=44451546497269";"2026-04-10T12:39:40.785Z"
"Crème de You + Glossier You";"No variants";"Sale price €107,95";"https://www.glossier.com/en-lt/products/creme-de-you-you-50ml?variant=46634708041973";"2026-04-10T12:39:40.785Z"
"The Complete Body Hero Collection";"No variants";"Sale price €107,95";"https://www.glossier.com/en-lt/products/the-complete-body-hero-collection?variant=44737482555637";"2026-04-10T12:39:40.785Z"
"Fleur + You";"No variants";"Sale price €162,95";"https://www.glossier.com/en-lt/products/fleur-you?variant=46467727032565";"2026-04-10T12:39:40.785Z"
"Fleur + You Travel Spray";"No variants";"Sale price €113,95";"https://www.glossier.com/en-lt/products/fleur-you-travel-spray?variant=46467730112757";"2026-04-10T12:39:40.785Z"
"Lip Line + Ultralip";"No variants";"Sale price €39,95";"https://www.glossier.com/en-lt/products/lip-line-ultralip?variant=46352044949749";"2026-04-10T12:39:40.785Z"
"Doux + You Travel Spray";"No variants";"Sale price €113,95";"https://www.glossier.com/en-lt/products/doux-you-travel-spray?variant=45962036805877";"2026-04-10T12:39:40.785Z"
"Rêve + You Travel Spray";"No variants";"Sale price €113,95";"https://www.glossier.com/en-lt/products/reve-you-travel-spray?variant=45962030612725";"2026-04-10T12:39:40.785Z"
"Care Package";"No variants";"Sale price €37,95";"https://www.glossier.com/en-lt/products/care-package?variant=46437774426357";"2026-04-10T12:39:40.785Z"
"Lash Slick Duo";"No variants";"Sale price €42,95";"https://www.glossier.com/en-lt/products/lash-slick-duo?variant=43781981864181";"2026-04-10T12:39:40.785Z"
"Glossier Brow Duo";"No variants";"Sale price €45,95";"https://www.glossier.com/en-lt/products/glossier-brow-duo?variant=45676484985077";"2026-04-10T12:39:40.785Z"
"The Super Pack";"No variants";"Sale price €102,95";"https://www.glossier.com/en-lt/products/super-pack?variant=43781982126325";"2026-04-10T12:39:40.785Z"
"Priming Moisturizer Balance";"No variants";"€30,95";"https://www.glossier.com/en-lt/products/priming-moisturizer-balance?variant=43781981602037";"2026-04-10T12:39:40.785Z"
"Milky Oil";"No variants";"€21,95";"https://www.glossier.com/en-lt/products/milky-oil?variant=43781982224629";"2026-04-10T12:39:40.785Z"
"Priming Moisturizer Rich";"No variants";"€40,95";"https://www.glossier.com/en-lt/products/priming-moisturizer-rich?variant=43781983076597";"2026-04-10T12:39:40.785Z"
"Eyeshadow Brush";"No variants";"€21,95";"https://www.glossier.com/en-lt/products/eyeshadow-brush?variant=43781983174901";"2026-04-10T12:39:40.785Z"
"Mini Laptop Mirror";"No variants";"€18,95";"https://www.glossier.com/en-lt/products/mini-laptop-mirror?variant=46566271779061";"2026-04-10T12:39:40.785Z"
"Water Bottle";"No variants";"€32,95";"https://www.glossier.com/en-lt/products/water-bottle?variant=43946792648949";"2026-04-10T12:39:40.785Z"
"Bandana";"No variants";"€14,95";"https://www.glossier.com/en-lt/products/bandana?variant=45394734776565";"2026-04-10T12:39:40.785Z"
"Wowder";"G1-G3";"€28,95 EUR";"https://www.glossier.com/en-lt/products/wowder?variant=43781988581621";"2026-04-10T12:39:40.785Z"
"Wowder";"G4";"€28,95 EUR";"https://www.glossier.com/en-lt/products/wowder?variant=43781988581621";"2026-04-10T12:39:40.785Z"
"Wowder";"G5-G7";"€28,95 EUR";"https://www.glossier.com/en-lt/products/wowder?variant=43781988581621";"2026-04-10T12:39:40.785Z"
"Wowder";"G8-G10";"€28,95 EUR";"https://www.glossier.com/en-lt/products/wowder?variant=43781988581621";"2026-04-10T12:39:40.785Z"
"Wowder";"G11-12";"€28,95 EUR";"https://www.glossier.com/en-lt/products/wowder?variant=43781988581621";"2026-04-10T12:39:40.785Z"
"Cloud Paint Cheek Brush";"No variants";"€29,95";"https://www.glossier.com/en-lt/products/cloud-paint-cheek-brush?variant=46973454090485";"2026-04-10T12:39:40.785Z"
"Haloscope";"Moonstone";"€25,95 EUR";"https://www.glossier.com/en-lt/products/haloscope?variant=43781982585077";"2026-04-10T12:39:40.785Z"
"Haloscope";"Quartz";"€25,95 EUR";"https://www.glossier.com/en-lt/products/haloscope?variant=43781982585077";"2026-04-10T12:39:40.785Z"
"Haloscope";"Topaz";"€25,95 EUR";"https://www.glossier.com/en-lt/products/haloscope?variant=43781982585077";"2026-04-10T12:39:40.785Z"
"Milky Jelly Cleanser";"177 mL";"€28,95 EUR";"https://www.glossier.com/en-lt/products/milky-jelly-cleanser?variant=44415832752373";"2026-04-10T12:39:40.785Z"
"Milky Jelly Cleanser";"60 mL";"€16,95 EUR";"https://www.glossier.com/en-lt/products/milky-jelly-cleanser?variant=44415832752373";"2026-04-10T12:39:40.785Z"
"Wavy Tray";"Salt";"€23,95 EUR";"https://www.glossier.com/en-lt/products/wavy-tray?variant=45807727018229";"2026-04-10T12:39:40.785Z"
"Wavy Tray";"Cube";"€23,95 EUR";"https://www.glossier.com/en-lt/products/wavy-tray?variant=45807727018229";"2026-04-10T12:39:40.785Z"
"Wavy Tray";"Blush";"€23,95 EUR";"https://www.glossier.com/en-lt/products/wavy-tray?variant=45807727018229";"2026-04-10T12:39:40.785Z"
"You Look Good Cap";"No variants";"€35,95";"https://www.glossier.com/en-lt/products/you-look-good-cap?variant=43826259493109";"2026-04-10T12:39:40.785Z"
"Plush Brush Duo";"No variants";"€59,95";"https://www.glossier.com/en-lt/products/plush-brush-duo?variant=46981706612981";"2026-04-10T12:39:40.785Z"
"Monochromes Refill";"Clay";"€21,95 EUR";"https://www.glossier.com/en-lt/products/monochromes-refill?variant=43781989302517";"2026-04-10T12:39:40.785Z"
"Monochromes Refill";"Bluff";"€21,95 EUR";"https://www.glossier.com/en-lt/products/monochromes-refill?variant=43781989302517";"2026-04-10T12:39:40.785Z"
"Monochromes Refill";"Heather";"€21,95 EUR";"https://www.glossier.com/en-lt/products/monochromes-refill?variant=43781989302517";"2026-04-10T12:39:40.785Z"
"Monochromes Refill";"Mist";"€21,95 EUR";"https://www.glossier.com/en-lt/products/monochromes-refill?variant=43781989302517";"2026-04-10T12:39:40.785Z"
"Monochromes Refill";"Jute";"€21,95 EUR";"https://www.glossier.com/en-lt/products/monochromes-refill?variant=43781989302517";"2026-04-10T12:39:40.785Z"
"Monochromes Refill";"Almond";"€21,95 EUR";"https://www.glossier.com/en-lt/products/monochromes-refill?variant=43781989302517";"2026-04-10T12:39:40.785Z"
"Monochromes Refill";"Prairie";"€21,95 EUR";"https://www.glossier.com/en-lt/products/monochromes-refill?variant=43781989302517";"2026-04-10T12:39:40.785Z"
"Monochromes Refill";"Rosin";"€21,95 EUR";"https://www.glossier.com/en-lt/products/monochromes-refill?variant=43781989302517";"2026-04-10T12:39:40.785Z"
"Monochromes Refill";"Mesa";"€21,95 EUR";"https://www.glossier.com/en-lt/products/monochromes-refill?variant=43781989302517";"2026-04-10T12:39:40.785Z"
"Monochromes Refill";"Teak";"€21,95 EUR";"https://www.glossier.com/en-lt/products/monochromes-refill?variant=43781989302517";"2026-04-10T12:39:40.785Z"
"You + You Travel Spray";"No variants";"Sale price €113,95";"https://www.glossier.com/en-lt/products/more-of-you-duo?variant=44858576568565";"2026-04-10T12:39:40.785Z"
"Chrome Mirror";"No variants";"€28,95";"https://www.glossier.com/en-lt/products/chrome-mirror?variant=47602514723061";"2026-04-10T12:39:40.785Z"
